<?xml version="1.0" encoding="UTF-8"?>
<config xmlns="http://www.knime.org/2008/09/XMLConfig" xmlns:xsi="http://www.w3.org/2001/XMLSchema-instance" xsi:schemaLocation="http://www.knime.org/2008/09/XMLConfig http://www.knime.org/XMLConfig_2008_09.xsd" key="MiningSchema">
<config key="learning">
<entry key="array-size" type="xint" value="16"/>
<entry key="0" type="xstring" value="age"/>
<entry key="1" type="xstring" value="job"/>
<entry key="2" type="xstring" value="marital"/>
<entry key="3" type="xstring" value="education"/>
<entry key="4" type="xstring" value="default"/>
<entry key="5" type="xstring" value="balance"/>
<entry key="6" type="xstring" value="housing"/>
<entry key="7" type="xstring" value="loan"/>
<entry key="8" type="xstring" value="contact"/>
<entry key="9" type="xstring" value="day"/>
<entry key="10" type="xstring" value="month"/>
<entry key="11" type="xstring" value="duration"/>
<entry key="12" type="xstring" value="campaign"/>
<entry key="13" type="xstring" value="pdays"/>
<entry key="14" type="xstring" value="previous"/>
<entry key="15" type="xstring" value="poutcome"/>
</config>
<config key="target">
<entry key="array-size" type="xint" value="1"/>
<entry key="0" type="xstring" value="y"/>
</config>
</config>
